Entity,Code,Year,Annual CO₂ emissions (per capita)
Qatar,QAT,2022,37.601273
United Arab Emirates,ARE,2022,25.833244
Bahrain,BHR,2022,25.672274
Kuwait,KWT,2022,25.578102
Brunei,BRN,2022,23.950201
Trinidad and Tobago,TTO,2022,22.423758
Saudi Arabia,SAU,2022,18.197495
New Caledonia,NCL,2022,17.641167
Oman,OMN,2022,15.730261
Australia,AUS,2022,14.985412
United States,USA,2022,14.949616
Sint Maarten (Dutch part),SXM,2022,14.352394
Canada,CAN,2022,14.249212
Faroe Islands,FRO,2022,14.084624
Kazakhstan,KAZ,2022,13.979704
Palau,PLW,2022,12.123921
Taiwan,TWN,2022,11.630868
Luxembourg,LUX,2022,11.618432
South Korea,KOR,2022,11.598764
Russia,RUS,2022,11.416899
Mongolia,MNG,2022,11.150772
Turkmenistan,TKM,2022,11.03418
North America,,2022,10.5346775
Greenland,GRL,2022,10.473997
Saint Pierre and Miquelon,SPM,2022,10.293288
High-income countries,,2022,10.132565
Oceania,,2022,9.85179
Iceland,ISL,2022,9.499798
Czechia,CZE,2022,9.3357525
Libya,LBY,2022,9.242238
Curacao,CUW,2022,9.189007
Singapore,SGP,2022,8.911513
Europe (excl. EU-28),,2022,8.817789
Anguilla,AIA,2022,8.752724
Malaysia,MYS,2022,8.576508
Japan,JPN,2022,8.501681
Aruba,ABW,2022,8.133404
Poland,POL,2022,8.106886
China,CHN,2022,7.992761
Germany,DEU,2022,7.9837584
Europe (excl. EU-27),,2022,7.886797
Iran,IRN,2022,7.7993317
Estonia,EST,2022,7.77628
Ireland,IRL,2022,7.7211185
Belgium,BEL,2022,7.6875386
Turks and Caicos Islands,TCA,2022,7.636793
Norway,NOR,2022,7.5093055
Netherlands,NLD,2022,7.1372175
Bermuda,BMU,2022,6.9370627
Austria,AUT,2022,6.8781943
Europe,,2022,6.8578663
Bulgaria,BGR,2022,6.8044534
South Africa,ZAF,2022,6.7461643
Finland,FIN,2022,6.5267396
Antigua and Barbuda,ATG,2022,6.4218745
Upper-middle-income countries,,2022,6.2268133
New Zealand,NZL,2022,6.212154
Israel,ISR,2022,6.208912
European Union (27),,2022,6.1743994
Belarus,BLR,2022,6.1669006
Seychelles,SYC,2022,6.1495123
Bosnia and Herzegovina,BIH,2022,6.1034565
Slovakia,SVK,2022,6.051555
Serbia,SRB,2022,6.024712
Slovenia,SVN,2022,5.9979916
European Union (28),,2022,5.983708
Suriname,SUR,2022,5.8029985
Greece,GRC,2022,5.7451057
Italy,ITA,2022,5.726825
Cyprus,CYP,2022,5.616782
Bahamas,BHS,2022,5.1708703
Spain,ESP,2022,5.1644425
Turkey,TUR,2022,5.1052055
British Virgin Islands,VGB,2022,5.0039577
Denmark,DNK,2022,4.940161
Montserrat,MSR,2022,4.8447766
Kosovo,OWID_KOS,2022,4.830646
North America (excl. USA),,2022,4.741475
United Kingdom,GBR,2022,4.7201805
Saint Kitts and Nevis,KNA,2022,4.708081
World,OWID_WRL,2022,4.658219
Andorra,AND,2022,4.6171236
Asia,,2022,4.611434
Lithuania,LTU,2022,4.606163
France,FRA,2022,4.603891
Hungary,HUN,2022,4.449911
Barbados,BRB,2022,4.3772573
Guyana,GUY,2022,4.3736935
Lebanon,LBN,2022,4.3543963
Croatia,HRV,2022,4.348515
Chile,CHL,2022,4.3041654
Argentina,ARG,2022,4.2378173
Nauru,NRU,2022,4.1700416
Bonaire Sint Eustatius and Saba,BES,2022,4.083284
Hong Kong,HKG,2022,4.081913
Portugal,PRT,2022,4.050785
Switzerland,CHE,2022,4.0478554
Iraq,IRQ,2022,4.024638
Asia (excl. China and India),,2022,4.017375
Mexico,MEX,2022,4.0153365
Cook Islands,COK,2022,3.9950094
Algeria,DZA,2022,3.9272263
Niue,NIU,2022,3.8729508
Liechtenstein,LIE,2022,3.8097827
Thailand,THA,2022,3.7762568
Romania,ROU,2022,3.739777
Azerbaijan,AZE,2022,3.6746833
Montenegro,MNE,2022,3.6558185
Marshall Islands,MHL,2022,3.6353714
North Macedonia,MKD,2022,3.6245701
Sweden,SWE,2022,3.6069093
Latvia,LVA,2022,3.561689
Ukraine,UKR,2022,3.5578535
Vietnam,VNM,2022,3.4995174
Uzbekistan,UZB,2022,3.4830604
Saint Helena,SHN,2022,3.2986484
Mauritius,MUS,2022,3.2697906
Maldives,MDV,2022,3.2475724
Malta,MLT,2022,3.1035979
Laos,LAO,2022,3.0803475
Equatorial Guinea,GNQ,2022,3.0307202
Georgia,GEO,2022,2.962545
Tunisia,TUN,2022,2.879285
French Polynesia,PYF,2022,2.8509297
Botswana,BWA,2022,2.838951
Venezuela,VEN,2022,2.7168686
Grenada,GRD,2022,2.7133646
Panama,PAN,2022,2.699258
Indonesia,IDN,2022,2.6456614
Saint Lucia,LCA,2022,2.6149206
South America,,2022,2.4865332
Gabon,GAB,2022,2.3882635
Egypt,EGY,2022,2.333106
Ecuador,ECU,2022,2.3117273
Uruguay,URY,2022,2.3060381
Armenia,ARM,2022,2.3045583
Saint Vincent and the Grenadines,VCT,2022,2.2964725
Jamaica,JAM,2022,2.2945588
Wallis and Futuna,WLF,2022,2.2819076
Brazil,BRA,2022,2.2454574
Dominica,DMA,2022,2.1058853
Dominican Republic,DOM,2022,2.1051137
Jordan,JOR,2022,2.0301995
India,IND,2022,1.9966822
North Korea,PRK,2022,1.9513915
Colombia,COL,2022,1.9223082
Cuba,CUB,2022,1.8659163
Morocco,MAR,2022,1.8263615
Belize,BLZ,2022,1.7894346
Peru,PER,2022,1.7891879
Lower-middle-income countries,,2022,1.777996
Tonga,TON,2022,1.7686282
Bolivia,BOL,2022,1.7583066
Albania,ALB,2022,1.7432004
Moldova,MDA,2022,1.6565942
Namibia,NAM,2022,1.5399038
Costa Rica,CRI,2022,1.5226681
Macao,MAC,2022,1.5127679
Kyrgyzstan,KGZ,2022,1.4251612
Lesotho,LSO,2022,1.3594668
Bhutan,BTN,2022,1.3489918
Paraguay,PRY,2022,1.3299496
Micronesia (country),FSM,2022,1.3243006
Philippines,PHL,2022,1.3014648
Syria,SYR,2022,1.2490375
Congo,COG,2022,1.2447897
El Salvador,SLV,2022,1.2174718
Cambodia,KHM,2022,1.1900775
Fiji,FJI,2022,1.1550449
Samoa,WSM,2022,1.1218625
Guatemala,GTM,2022,1.0756185
Honduras,HND,2022,1.0696708
Eswatini,SWZ,2022,1.0527312
Tajikistan,TJK,2022,1.0064901
Tuvalu,TUV,2022,1.0004411
Africa,,2022,0.99422127
Cape Verde,CPV,2022,0.9588915
Mauritania,MRT,2022,0.957337
Pakistan,PAK,2022,0.84893465
Nicaragua,NIC,2022,0.79879653
Sri Lanka,LKA,2022,0.7936504
Papua New Guinea,PNG,2022,0.77131313
Senegal,SEN,2022,0.6738352
Palestine,PSE,2022,0.6660658
Myanmar,MMR,2022,0.6445672
Vanuatu,VUT,2022,0.6363055
Benin,BEN,2022,0.631487
Ghana,GHA,2022,0.6215505
Bangladesh,BGD,2022,0.5964455
Nigeria,NGA,2022,0.5891771
Sao Tome and Principe,STP,2022,0.5816142
Zimbabwe,ZWE,2022,0.542628
Kiribati,KIR,2022,0.5184742
Nepal,NPL,2022,0.5074035
East Timor,TLS,2022,0.49869007
Comoros,COM,2022,0.49327007
Sudan,SDN,2022,0.4696261
Kenya,KEN,2022,0.45998666
Angola,AGO,2022,0.45155162
Zambia,ZMB,2022,0.44570068
Cote d'Ivoire,CIV,2022,0.41668788
Solomon Islands,SLB,2022,0.41232163
Djibouti,DJI,2022,0.40418932
Guinea,GIN,2022,0.35742033
Cameroon,CMR,2022,0.34292704
Yemen,YEM,2022,0.33701748
Mali,MLI,2022,0.31153768
Afghanistan,AFG,2022,0.29536375
Togo,TGO,2022,0.2910665
Gambia,GMB,2022,0.2847278
Low-income countries,,2022,0.28005043
Burkina Faso,BFA,2022,0.26295447
Mozambique,MOZ,2022,0.24274588
Tanzania,TZA,2022,0.23771806
Haiti,HTI,2022,0.21119381
Eritrea,ERI,2022,0.18914719
South Sudan,SSD,2022,0.1680176
Liberia,LBR,2022,0.1653753
Guinea-Bissau,GNB,2022,0.15518051
Ethiopia,ETH,2022,0.15458965
Madagascar,MDG,2022,0.14871116
Chad,TCD,2022,0.13367727
Sierra Leone,SLE,2022,0.13124847
Uganda,UGA,2022,0.12744623
Niger,NER,2022,0.116688
Rwanda,RWA,2022,0.112346195
Malawi,MWI,2022,0.10262384
Burundi,BDI,2022,0.06194545
Central African Republic,CAF,2022,0.040548485
Somalia,SOM,2022,0.03676208
Democratic Republic of Congo,COD,2022,0.036375992
